{"indexes":[{"v":{"$numberInt":"2"},"key":{"_id":{"$numberInt":"1"}},"name":"_id_","ns":"euci.ItemDuty"},{"v":{"$numberInt":"2"},"unique":true,"key":{"styleId":{"$numberInt":"1"},"colourwayId":{"$numberInt":"1"},"manufacturerId":{"$numberInt":"1"},"countryOfImport":{"$numberInt":"1"}},"name":"styleId_1_colourwayId_1_manufacturerId_1_countryOfImport_1","ns":"euci.ItemDuty"},{"v":{"$numberInt":"2"},"key":{"styleId":{"$numberInt":"1"},"colourwayId":{"$numberInt":"1"}},"name":"styleId_1_colourwayId_1","ns":"euci.ItemDuty"}],"uuid":"026d54d81fa346e09ed940d13572020e","collectionName":"ItemDuty"}