{"indexes":[{"v":{"$numberInt":"2"},"key":{"_id":{"$numberInt":"1"}},"name":"_id_","ns":"euci.TsfHead"},{"v":{"$numberInt":"2"},"unique":true,"key":{"tsfNo":{"$numberInt":"1"}},"name":"tsfNo_1","ns":"euci.TsfHead"},{"v":{"$numberInt":"2"},"key":{"custOrder":{"$numberInt":"1"}},"name":"custOrder_1","ns":"euci.TsfHead"},{"v":{"$numberInt":"2"},"key":{"timestamp":{"$numberInt":"1"}},"name":"timestamp_1","ns":"euci.TsfHead","expireAfterSeconds":{"$numberLong":"7776000"}}],"uuid":"f589b891290c47c2af4e0f22348f6075","collectionName":"TsfHead"}